	HNF1A	ZEB1	FOXL2	RELB	GLI2	NFKB2	STAT5A	PAX8	FOXA1	REST	FLI1	RELA	SMAD4	BACH1	CEBPB	AR	GATA1	ETS1	IRF1	STAT5B	ATF1	GATA3	HNF4A	PRDM14	SOX9	FOS	STAT3	ATF4	ESR1	GATA2	ELK1	REL	SOX10	MITF	NFIC	STAT1	USF2	CTCF	USF1	RARA	SP3	E2F1	HSF1	NFKB1	SREBF1	PPARG	TFDP1	WT1	ATF2	CREB1	YY1	JUN	SOX2	VDR	ETV4	SPI1	MYCN	MYC	TCF3	TAL1	TP63	PPARA	TFAP2A	ETS2	CEBPA	TCF7L2	EGR1	E2F4	FOXO1	E2F3	TP53	LEF1	KLF4	TFAP2C	NFYA	MYB	RUNX3	ESR2	SMAD3	SP1	FOXO4	FOXP1	PGR	ZBTB33	FOXM1	POU2F1	FOXO3	HIF1A	NFE2L2	ZNF263	IRF9	STAT2
GC (N=3)	0.07081217880720841	0.09892427718525232	0.007464978479848444	0.009934903922242616	0.038362680829126514	0.015583956230418845	0.02877397014259357	0.01870886960083444	0.012550044884073927	0.03730703127545435	0.06576079851594559	0.007718575866489374	0.1118807473581865	0.026293171615590773	0.01928622003695047	0.0779320942554187	0.03661783551306552	0.10255569789124011	0.04101643303888951	0.03272521062179855	0.049924507659980896	0.07796328129651993	0.04179174597215305	0.03043553909693298	0.12584687428959102	0.07617840426760987	0.05575382329194382	0.026927524118320736	0.046968181126867244	0.09860447050002354	0.018342402809964773	0.00773496230440923	0.03952415805304093	0.0438802973875163	0.02525056792725753	0.0564727303482218	0.127888574703128	0.04400205118245139	0.07932768761280434	0.03195194767574384	0.07276037317592306	0.06996054929537761	0.022521287664298877	0.011928963927746335	0.008494057046060648	0.04754158113745375	0.08404496782289654	0.01016822663162586	0.019283559344361077	0.07421562776953022	0.11969824498729577	0.005557085262241655	0.07575632876032504	0.13337198110093867	0.09949511928685581	0.14901577489745116	0.10253558446448982	0.15103666234664917	0.1158174371498272	0.1295803090898745	0.043262898738773044	0.10226628885660727	0.06574630849515507	0.023956422947630163	0.05083966734749744	0.030527718436460856	0.03380055692881061	0.06490408122876605	0.03393292646617162	0.046346681642091825	0.0325794400700818	0.1795558087136369	0.042204831121867625	0.060649289603112506	0.09072064863891274	0.03947890883074229	0.08723283024434433	0.01385231418194689	0.07287179104995846	0.1540517378219869	0.07714254818306121	0.15747010398339809	0.06347824749287306	0.016937837076850364	0.021933853776581917	0.1774301206565694	0.1947370339416278	0.029353333002609595	0.09909237430887631	0.051437256326750246	0.015413120148696046	0.014368596463710678
upLPS+IC (N=3)	0.04486456003760758	0.06854704118909423	0.029191919266156448	0.041165203965614766	0.05958778936263302	0.0963894990216033	0.031510755689261476	0.07449222003906476	0.07489740137721657	0.040812847328181655	0.07015258641866794	0.03472915329288598	0.06080073915894563	0.048875424294443026	0.10965458420229435	0.08543967892460515	0.1552998487704864	0.09822292316778672	0.11471217294931288	0.0024085486215441147	0.033255023128051474	0.04941677812460412	0.07072722551413162	0.10821138391994976	0.11465827281624837	0.06615270287323792	0.12469580390599172	0.04601434223577463	0.0863089169051653	0.07873548960924677	0.1220096262256022	0.02697007502720964	0.09328838604874622	0.049642405553630205	0.04411201331734981	0.27951277190348517	0.11144825367935884	0.07057089010157445	0.06487333520989809	0.060378389616270005	0.07158474500751054	0.08235409143992223	0.0659123168480403	0.0512931805883883	0.003895915771942588	0.09873529137857277	0.027887412062253314	0.016506106049123642	0.027511411813419404	0.10344835457163902	0.08625348459707571	0.007640714292088188	0.0360979913610682	0.07476989886961832	0.03876003560097005	0.12030057098039773	0.06021672633597654	0.027077633952296627	0.06761716775201346	0.04536527677444412	0.0424334660315179	0.06855597687099878	0.1108892235221199	0.09684600842976906	0.17771022314774568	0.089662345889264	0.025239785379368912	0.026883018050059826	0.06322636700819231	0.069920598848341	0.01559778300563123	0.13529045184401148	0.02222868915099296	0.11892354227161757	0.09522722629458505	0.17541861330386516	0.019625844555439996	0.027789706907124758	0.032249665814228674	0.22573240155124089	0.046390555428199816	0.09139277096343533	0.047172362469558624	0.06985636282517788	0.0449358142388759	0.18757561983525622	0.047866836810819616	0.08166026783592784	0.07412876553101395	0.11473317559411846	0.342275670039539	0.4295857916155868
IL4+upLPS (N=3)	0.06779581364900615	0.06619758267068053	0.034213107899493896	0.16031223498502248	0.0852946367801454	0.1064971102621956	0.09565348429495553	0.06327741968667928	0.03259514677076232	0.087379167214006	0.10591595368909616	0.19786875141050655	0.01920984359918407	0.06066898542143841	0.03365555806150448	0.028205273958383063	0.08123875702840261	0.04295438131018852	0.08436783274208337	0.05843119729836223	0.02512635221885434	0.17809886201301123	0.07584028596105112	0.08513381370731284	0.09918358170440057	0.08528766261696452	0.034514927778749635	0.04036649698371093	0.045342204861877636	0.09913401591443885	0.14705680914279654	0.0690086807464422	0.040668076212730164	0.03499547733689453	0.06309116822507867	0.04124683068105745	0.06281982317101559	0.057973082769837966	0.05275195952448162	0.1017138968394588	0.018247074817530448	0.06214693579342338	0.0697205022581387	0.12716059625507542	0.0029330044777911876	0.12603735715013858	0.06754258885237857	0.054440227747426205	0.09467402994230469	0.019974117072140314	0.05483405195091777	0.03697247960458081	0.0313795701364869	0.02893526481764682	0.028978263403267576	0.09394511968468183	0.03924781774702143	0.1489906769517564	0.1252358661353795	0.13179488123731004	0.020811933655983213	0.030124990078074943	0.10822979612035691	0.11031501481106884	0.08340934705708715	0.11083527768655226	0.07717575806723405	0.026029235068692137	0.10108491043995312	0.06837819719552317	0.047056723063741694	0.14509661839491528	0.07987957235864733	0.07797353074652746	0.054125665473879	0.15061282509366192	0.15414715865513787	0.0369875327713298	0.04450831833992871	0.05306170829009685	0.0835685619016856	0.16702464647737342	0.042230138373519084	0.10158514766178206	0.009784514336689688	0.049157038364647264	0.06205275970737305	0.022077049401274515	0.09701290425005372	0.06628567767116456	0.05348630199110443	0.030754744352169024
IFNb+TNFa+PGE2+P3C+IFNg (N=3)	0.02897766620765331	0.0053921876629316814	0.018782013226245474	0.16216310838229916	0.040823430546376466	0.021280286971338425	0.013420291565664785	0.08002342499675419	0.06898638064212341	0.1340077659359274	0.031968584083964274	0.0990115768656879	0.037540411256643466	0.06933854806282952	0.02007660950902255	0.06885067515517286	0.034753416067665466	0.07645022637186265	0.1541014338432512	0.030362007727667797	0.09949955410164607	0.10083786323108371	0.07084845156510564	0.06655348929649271	0.08908582709539423	0.0662319412160212	0.12474231876451168	0.021424598342936273	0.03757485303131069	0.057839854733688544	0.025593388340517748	0.2068939386314974	0.02035612981704005	0.06940237360437546	0.021259868045581404	0.11072221552842469	0.05867456632278144	0.04315684248249298	0.044569965621275104	0.05364026373378296	0.016237808025398568	0.12832890059196495	0.12383738419533617	0.1581833883035647	0.007105563146262767	0.06068796285465288	0.06858710199581144	0.006054737112476836	0.1473755992989161	0.11127576561326429	0.04171462242542592	0.02925048038367362	0.05526227308894581	0.0721612235866724	0.07898412677949258	0.10633505052895813	0.06457895037576071	0.015268090127671	0.18443444960067673	0.0971354563208719	0.07278132187876468	0.01753467168101054	0.013357920041029779	0.13873772972764056	0.08819762452556311	0.13313749627498433	0.13161801118875097	0.0030818372672381518	0.08872581022838355	0.0648415293445229	0.07774491777365845	0.04990132078118374	0.2113066098992588	0.07131868621505048	0.03260586617855144	0.07490175702711611	0.12660433677104824	0.18140541873164842	0.0725884097774282	0.08533741706645875	0.04967028863273694	0.04520825084509267	0.09987264753626922	0.01362033401653301	0.030099376330865325	0.02601481661810531	0.06279454126013602	0.018769855353227508	0.047801990534261526	0.10975589736425304	0.20768521927755942	0.2455432001496973
PGE2 (N=3)	0.04081137355478337	0.06852204649966721	0.0609213304977057	0.04659454786506381	0.10234311650228108	0.1569129790123581	0.10137423117166525	0.10263222667327572	0.08741109882762743	0.11799394548671878	0.13583139954503648	0.042482225395242865	0.024362093664281576	0.12122795533359448	0.0764076466314864	0.07351434671045261	0.019437176126702323	0.0678549013596407	0.04207005701346407	0.09892543828843126	0.1796710117901148	0.05855765407392161	0.04368288751675966	0.052750253678117254	0.13023423773189088	0.013978230216047292	0.10986313692056862	0.09927560700162445	0.08397560958124173	0.10230705555220972	0.011420742529955003	0.047308757457527655	0.10634774815405956	0.012748471912174058	0.06751787310952001	0.09179560750865981	0.018472432396431874	0.07001628086466206	0.0706099024468554	0.04517671802883171	0.06050837235535311	0.057349494919222276	0.0620519137682732	0.007034373299038338	0.0007187424535891971	0.13456703335387318	0.09690589571629768	0.15660270884526942	0.1188592624299064	0.02178647800101004	0.068945028698227	0.0775471763106377	0.03658795525442142	0.24636198632201042	0.0642573438711435	0.03542933042072014	0.10747735776608318	0.05360548139080419	0.03236517919111693	0.048151963876704985	0.021356847234303273	0.014359567551780682	0.03024376878873414	0.07251541649721416	0.09586078471819853	0.17579802639515404	0.2191424949051393	0.018920730529627956	0.04841029174315488	0.20860642065904306	0.11337129468742624	0.2549292012059831	0.10535975269391123	0.09469646706821598	0.08082234260382547	0.05348663642445455	0.01045192256941318	0.04397503798598915	0.017196002512399423	0.041405173790017465	0.051620220255797704	0.055985117527973	0.128333331816291	0.1159777908558367	0.04205964012744336	0.09144640856091396	0.011699560398130693	0.27245716359492933	0.3011481843215356	0.039220893105172676	0.21474966489245195	0.15144735074292803
TNFa+PGE2 (N=3)	0.07198447244646346	0.015426597455231675	0.025186271800785396	0.053305325872146876	0.09419034408655648	0.0212587850665239	0.14789820746012042	0.054117894408659176	0.08281068297712019	0.09970193506911378	0.2362240489361441	0.012927986108788743	0.07889764258260734	0.11220857223312426	0.039494308626732366	0.1259796230140915	0.12050260318347601	0.07659120225523441	0.12349432071673325	0.1736909155943908	0.025021039545742793	0.18081969054734207	0.025851081047472073	0.04235324564898175	0.07096649362899547	0.07055211831925623	0.09421187115419113	0.023535221938198615	0.05024884765359851	0.06889694785547186	0.20574971051317834	0.009549877220207233	0.016426390266007503	0.12224544274168968	0.14107808308414965	0.02694632180648747	0.13734147332370097	0.12670633231033934	0.10557582633611634	0.13077821563525063	0.06656076563276772	0.033224375585667355	0.08854938927225126	0.0035020261563603054	0.02706441316415088	0.018997253460302923	0.042640307230997064	0.10949562670853398	0.15163374037799673	0.046982795747972865	0.06427955646253056	0.07424898806772011	0.08007735337424796	0.07986265517390104	0.149444791629123	0.17626762057069953	0.10177751831358992	0.03620111070140083	0.03304630048258449	0.09949237013565038	0.07688415473390704	0.1800527063432398	0.05445673279532794	0.08056302192580693	0.09261346865802388	0.04711366138005101	0.16341806206956921	0.028442922834736557	0.08579198272226815	0.08434824538478862	0.07755364376455406	0.0869452999872715	0.232070942004817	0.16057434411490212	0.1493665966287023	0.0549523376779092	0.053015935967918426	0.07332876075122466	0.03372052537853231	0.19457328452568134	0.09302008430990338	0.03731990265987269	0.17963659333277052	0.015100181755067643	0.08150076359400542	0.19733797859274274	0.06049363473203146	0.07470006165474512	0.12001168624074741	0.05584830326479264	0.0171992497822706	0.0048010679875758605
IFNb+TNFa+PGE2+P3C (N=3)	0.06916386209794782	0.03058519678418699	0.10276721912846166	0.02716765412375923	0.03783495852008868	0.05547521775940484	0.03509682891858667	0.03934782317630651	0.07009508147202771	0.06426732246063546	0.05731476071988393	0.08966332321038749	0.06975258905439254	0.11340336625799435	0.12788833181893242	0.1229121547482796	0.10760005938371973	0.0945543246088256	0.08753312245928391	0.04452528829781401	0.011348802087513684	0.039815540214256685	0.012628399551680426	0.07583947684021249	0.23501878199217457	0.07944641148897272	0.06193237532448351	0.09648879312831359	0.01913684599871021	0.11044163845465226	0.06886485142581548	0.17464257073982328	0.1502467677182068	0.12716729612294028	0.07187474977626268	0.04613750892628003	0.1444801249811457	0.048152068340160906	0.044082194994516585	0.021153992779684976	0.015132861874997064	0.06573009736282161	0.20085787451039264	0.15614597097185545	0.06032826850938857	0.10181680233108527	0.017415419116808682	0.1245388605652706	0.09786140870622906	0.07510654019502161	0.1515646691180128	0.13134600621182035	0.02984392640282548	0.034278117644127866	0.130185405990351	0.020327918319950542	0.07732776681642356	0.024184196551204712	0.16086805041165317	0.12251766406749724	0.18099786586800196	0.048991370978257696	0.07530795662253502	0.1698594912261417	0.0138642093114441	0.17288766248046408	0.11919101379480992	0.006840061478948257	0.07374460326220508	0.1683560190426983	0.09802423818161966	0.09333208773889715	0.17331099230552258	0.22694655389585136	0.024818519000436468	0.17538132570442233	0.06583617826062521	0.12525556266694876	0.07331592078699395	0.07114654041031092	0.025492407010282183	0.07115627315722281	0.024558430384853	0.014949607616799532	0.032938093672510986	0.04203054995029353	0.03987194255179754	0.17100889462607727	0.035331073962262156	0.07990007804963238	0.03628980758334046	0.06671926106058838
P3C+PGE2 (N=3)	0.024183670178393627	0.04132688526616434	0.2446689052138027	0.03247914079662775	0.04260027052744169	0.055108244298550435	0.026185019472291703	0.1050818567314313	0.04357897393089638	0.057006451077279356	0.0369943068844171	0.04305690314298671	0.10117839922601123	0.05237315194079963	0.025693431807209878	0.09592059743712436	0.06432606007313783	0.0525209175045344	0.024765905419574193	0.06803551363475009	0.09321233003527125	0.05721216438367315	0.03396975815903546	0.12110016205113319	0.08068076576002846	0.044680962747907844	0.026659125200510718	0.22454475221837536	0.051759634531677284	0.04789270361452603	0.07066795561959723	0.10009792965785297	0.15325748308560944	0.09508702458392312	0.03744315099236102	0.05090892961418681	0.0685629479317837	0.07488529605508516	0.13403113093629615	0.03110232961230632	0.01310221051061091	0.10237188313977916	0.04008419163622563	0.05720852415765884	0.033491666529143274	0.05118059274914354	0.05759596524212289	0.10799221910180919	0.13504434673333862	0.19608073951609797	0.10489811549080591	0.2282952298342874	0.05659586830432825	0.1299620273042338	0.16540792521755537	0.06775899049452942	0.12836408431908333	0.02315310147421393	0.11126975119891193	0.12053457124279318	0.07766749453475504	0.14324175066545583	0.22805989541873017	0.1476474779152051	0.17358530699679325	0.13039766869376607	0.17618774719469205	0.018854547626457965	0.05432059625664272	0.1817161812893936	0.06044236023792184	0.13757197529237145	0.24170785334494452	0.22947141882720862	0.10128655866880139	0.03256756547098734	0.07642166698669746	0.10822562744596913	0.03818644312626616	0.17193904480786196	0.05589278453835469	0.055676865825869025	0.07282646738571429	0.08327919632443798	0.02651166471832367	0.19586324055200804	0.0463382904527079	0.22170290388867062	0.2500510060942864	0.07385038849007683	0.005463954667692178	0.0009480582496573562
IL10 (N=3)	0.08697962354375861	0.022549162858066824	0.05028416466181101	0.03673671181945248	0.037893985531199	0.051270499470864886	0.021860403437812214	0.09247811804386129	0.05579880073505139	0.07193544624810327	0.055919159401004725	0.07133890936815325	0.13004314139457418	0.1648061617553812	0.048216476881076505	0.13884936883980278	0.07936195177426622	0.0838918239526582	0.030376741314511894	0.060741177524822	0.04566423227686548	0.10483343590128184	0.06639092340768557	0.11759987526999431	0.06573685753893634	0.05940632540065547	0.04933373908620475	0.10883954502812959	0.17188824589436993	0.13465834085365577	0.05027692847285392	0.002434846560594059	0.09636279777619752	0.06896653390548503	0.07069974093504838	0.022269140019919906	0.07650599652250119	0.10274356156227288	0.12388861979798363	0.015365844251430418	0.12940832182443127	0.1033065878130614	0.11829227030200738	0.11810500722173266	0.1569897813941455	0.05498986994188419	0.19341240384188316	0.020820984511278225	0.05985925120809933	0.02292764624535102	0.04413190674859068	0.1968766696624774	0.0639387015383148	0.014067613065092683	0.19287825169395234	0.18516339967342382	0.2296155346431449	0.1491620999886973	0.14472012010485022	0.046793874186596834	0.02486451875961238	0.1273837479663451	0.095602706684744	0.01813770150395956	0.0046393466427913305	0.04703236671220139	0.12902517277524855	0.2320841431046016	0.1672549620614531	0.03440254062425714	0.0946100809133452	0.05945795508828326	0.07818948628675461	0.17278165749477822	0.19411772825745546	0.09288189674109396	0.2113900046169636	0.07259773792148928	0.05591783583799521	0.0365647114676486	0.1400537413086144	0.029987323935597075	0.16181985945361832	0.07997572703363373	0.027370593499128928	0.07480478265421796	0.042364819138499855	0.17068945678838063	0.050288276386353	0.18162193716311156	0.0031851567613112087	0.0022018735820285677
IL13 (N=3)	0.0826206465270855	0.02697967961958083	0.028958847267023274	0.0165099417000317	0.08393005933712169	0.0014895572712285354	0.02245489120340311	0.04396642789615896	0.019402545684728153	0.09444634778133523	0.008405233326535122	0.022116091765299724	0.07946219207670145	0.06810189897730605	0.10412801142336328	0.044642709481698996	0.054962731880475464	0.02438349903453671	0.08537919477208472	0.06904976230931041	0.14238224972415672	0.048744944945418464	0.06328091329037039	0.07664625100390886	0.03817608684389236	0.04085605645926477	0.1246919905532724	0.13510849844875286	0.11587723496382989	0.12232493485042889	0.12942967649162673	0.1295846409864935	0.016219020293542802	0.10636486729931377	0.024277450637698282	0.015021472768963828	0.04415206639261185	0.10384447676072223	0.06390455705347783	0.059365361032916696	0.009311246739979758	0.18454705269827493	0.1474593266681301	0.04460953673366773	0.290347596508707	0.06075269053448574	0.1314518486782589	0.06356717429222809	0.03187395136600171	0.06684914728031745	0.05270036156533387	0.12525641158518816	0.20361616085773995	0.09274006820850249	0.07152507982515306	0.054921394617031605	0.07659863605772768	0.15401480684882127	0.1747867664288185	0.07936812101373503	0.03812650462583672	0.08094748011180879	0.03197346562670196	0.1611462550386734	0.10550835488590189	0.06735907132020104	0.12468676267772963	0.19568979341953308	0.060078073968796636	0.17103042324342602	0.07168744598870781	0.08401527084433066	0.1293175346950885	0.023154407213933657	0.22984717210443958	0.09630437602608512	0.059777909524819595	0.19293428792052345	0.09828972369446068	0.10097450320765579	0.1425869006712959	0.18461696528945276	0.1876252363183715	0.20228928454065706	0.20048403797747685	0.21228632761802235	0.1525431317510378	0.026206731590752916	0.01347480673748919	0.07367770749113643	0.011526326150816469	0.0043576522721771255
LPSc+IC (N=3)	0.05910255088545581	0.04700434640473178	0.020085533192534234	0.12983098115911246	0.10398910834530972	0.06203422294585553	0.024004924357464326	0.11649196498654939	0.1512302564728139	0.11085048085888946	0.07495779387869769	0.005427236750923938	0.09867163436273188	0.08294582153584577	0.041568721111692554	0.08192986177673958	0.06939916512721543	0.08237409016183868	0.11125258824357336	0.07557704650804856	0.12392921407105419	0.09520358112177754	0.10823554682504968	0.03721309814118802	0.031057988723881748	0.039950435672328324	0.061421819543033176	0.019393169529605084	0.045706504577116044	0.15847032890330282	0.09033923738569197	0.005135731165939993	0.13512280212500194	0.06585505947485572	0.20671064206538173	0.16858991626591308	0.042881165222081026	0.17027546960822745	0.10804026300300588	0.04936803924810291	0.07771069974551188	0.10424052846127586	0.1353514032703737	0.01835677722437417	0.08599781810006012	0.0770802312128947	0.04559592259773384	0.06995603214311662	0.07690367381518502	0.02070035636251261	0.17052351829687218	0.12955158349078016	0.09813573031764078	0.04255896451211662	0.09673468869484217	0.06403053831678648	0.08884607578139227	0.012558731599140475	0.052228472110410394	0.1414923396145153	0.0709192728371528	0.23592712686694658	0.10971264302315949	0.1774361296975198	0.057333834216213665	0.15722712181849782	0.16225144215754067	0.09344654484507404	0.0772318777123608	0.042622300648077684	0.07789942316361283	0.1720198607129915	0.05659111816604802	0.1696477655928446	0.04245510121329878	0.20229568003170148	0.12718223113788887	0.11496492170111879	0.23142790627337956	0.014267202977898947	0.09418160576825076	0.09764248866738845	0.18925162697009904	0.22284188655053325	0.09261419895047787	0.1267375982014828	0.004132003953411172	0.08835078441459966	0.19168139984050667	0.10472569069639182	0.38187677555961635	0.3514765564189759
IFNg (N=7)	0.11591914684061018	0.09983849091430819	0.08416952128690462	0.03654281772460054	0.034779135312508716	0.03187879442006657	0.07105565784924481	0.08132988367145298	0.13284665218243033	0.10844137313964151	0.09762598486040416	0.08137365792982275	0.1129042799290293	0.11437760238797154	0.15644002048738914	0.10914821998361461	0.09866113992893634	0.2333587452948829	0.025193971655302634	0.05380671668731009	0.09033236000820176	0.0994181490105743	0.14313073129577109	0.18175824728899057	0.16673705099701294	0.13527035177213775	0.1048938048861505	0.07005507897040723	0.1091327046840073	0.19849559706011677	0.07425260776140362	0.20781404661235736	0.09077028141415602	0.09306393479205619	0.11104568170345719	0.029617280368786556	0.12053876522434143	0.07093193980320574	0.13470391084570188	0.07009841816593176	0.10863875511821718	0.058602839911300414	0.13745106146309405	0.035786451621745506	0.04648931647744624	0.09412700991789678	0.04335143572198698	0.16776951634192164	0.0435836479200654	0.1377356538226588	0.14737511952961405	0.08936494204085751	0.06750148177341506	0.14103078051703133	0.10908483199939786	0.12833384974135914	0.11481043557384255	0.029844925122268173	0.1493801645598633	0.17309793652223443	0.05191800267485738	0.16635577677676291	0.06105731221849524	0.1276324110575309	0.05289991504445459	0.1714808959165621	0.16101710961863527	0.06130787529948533	0.29012787322444805	0.11976187563817522	0.10839188082055647	0.1688895283560869	0.1110595081047469	0.22281943947013785	0.1408842107112039	0.12433426808306468	0.19523105453366943	0.1968512574866978	0.13513724839534652	0.059332850736706556	0.06134500757027858	0.20542250447853766	0.12738654819528694	0.17325476349314553	0.11221532628221298	0.09785676724510865	0.09726114735609617	0.0990873411520146	0.21759369621533414	0.16730081523610332	0.15231271972747415	0.05014645957922951
IL4 (N=10)	0.12760032060184104	0.11710224163235193	0.027678028338003285	0.0978286183700965	0.12538922599078886	0.08978032431327511	0.07956979949742185	0.0787985831565408	0.06283909371981553	0.1458555172008533	0.10531064296729041	0.03579039598565787	0.1168505111719271	0.09614357737489936	0.03356139927827385	0.0749104855304819	0.0713386360064918	0.13300470153417784	0.05859898569926949	0.12051482598269107	0.0696619742542224	0.1144948849707833	0.10288436811016238	0.22783616803833043	0.11749188784814284	0.09444005694038156	0.1002664660479199	0.0943181165359165	0.08978390083465973	0.11580506735374098	0.11197249228878403	0.13091117699748758	0.1535473029831283	0.1386669476445693	0.1728850797493632	0.08086909255671663	0.09903261966619198	0.15003047417293408	0.14909842754008296	0.08825782921986021	0.16177286617874492	0.11501476170156263	0.13658985273615815	0.04622588810641771	0.2896720267184784	0.110577537365785	0.08831342587316893	0.07505747534944063	0.09024393471566418	0.10634589913500929	0.10694233206470644	0.11923843078320485	0.1252841282847103	0.13561835554172444	0.08966987524751034	0.1304853796659778	0.10673359164784434	0.1081426843751342	0.1444022793204176	0.1080332239167221	0.1851258897954777	0.13820260602842063	0.14831117890687887	0.12125911534203361	0.16439514538852873	0.0645175975958268	0.16671741267375367	0.25726814882689586	0.19014810930141035	0.16618373435621897	0.20903003008832702	0.16252733424469276	0.15197824674781443	0.0829651080041338	0.23375499577658496	0.13833101722821267	0.19645136267245594	0.23928094538228117	0.10460443212903016	0.19024087813782117	0.12813198141387502	0.1853086075430599	0.10457621819606992	0.247617942939743	0.16441882380225756	0.13835185497899097	0.21071850874356304	0.13021539315802566	0.029174700640273925	0.24697232203104666	0.01186696861661733	0.006522286355029731
TNFa+P3C (N=3)	0.1528927831668603	0.13623617350821776	0.2112732783750301	0.27305259585565306	0.06597835386169681	0.2220755722259553	0.03387996637567742	0.06215355024749269	0.0732775493702204	0.13145701291091264	0.09445172592419121	0.22882004069310072	0.008677736552649614	0.09536019286352612	0.08148284256454158	0.06108967652758367	0.04480124672147293	0.1057767801502463	0.18768724836249326	0.10297048711571476	0.07843471839764364	0.13990848984632454	0.01328718165319631	0.02727512547052216	0.08576077963032967	0.1187702986765349	0.07674531484112403	0.12009423484739855	0.013596636335627296	0.0474528698425587	0.15285584312295544	0.33378236919915777	0.0895429067865425	0.11066592688330612	0.18715299047970899	0.08722511418165456	0.04025734041947158	0.14090571591543744	0.1325804272389647	0.0962356547403797	0.05142673011255837	0.06570553234098406	0.06972165073569364	0.34663715969139963	0.019920693085494698	0.050558525168626335	0.02050730252776738	0.22278414110054104	0.08401335343345917	0.2470718435290097	0.10083306554552152	0.25742058993496614	0.0389462801625823	0.14411171512518137	0.1388665024124537	0.16144422209567214	0.15256387451263315	0.049883097696252696	0.1230747319932704	0.07928089278908301	0.09291041962243919	0.02697080932274319	0.17337132567801455	0.16575993530939837	0.1433068064664545	0.19710455843415986	0.1891923022294186	0.10100072677182012	0.0877300240020429	0.17405656303317893	0.038657239125143884	0.24147667513385307	0.08147659239202679	0.14021133226576155	0.14987780330716188	0.04816677520450855	0.10452813675328158	0.17975028005206212	0.06811870194665867	0.10834019723151414	0.14860730527087726	0.07797200480907364	0.08909776980650276	0.0599366971909391	0.08651807525538421	0.12932555312024632	0.16788411213007992	0.10991228629385635	0.19017941262074947	0.15130596845754224	0.009547055966681827	0.004724426340339465
IFNb (N=3)	0.0783462115703552	0.05653904961766276	0.012247748951710408	0.027424920123952454	0.05352196532873557	0.0682336033633219	0.16146582449868055	0.0745445671856678	0.087994599808949	0.06507159765452541	0.11875149206399516	0.01955472533922177	0.264321122010931	0.2002098322001123	0.03626087981944592	0.12473833788234585	0.14815119988780254	0.05127871910301909	0.05943238069221758	0.06236223420858582	0.09544273968565167	0.014487753716990737	0.18844935405688062	0.07355477517882233	0.11848127672877601	0.09022673710887745	0.07454728656363825	0.03466243392791614	0.12150808132602627	0.06643317465923598	0.0969112624457632	0.01841738333000093	0.06107291944701147	0.11471660920285565	0.10466832707382563	0.09010017305424979	0.09580042025079608	0.03859534966361071	0.1268739847156307	0.13914489641201852	0.14111151953224202	0.15710418685633684	0.08795906928722559	0.04716313834320144	0.3627425296571542	0.14441714687255397	0.23703834851672617	0.030531276751243633	0.08617819072541491	0.06228430334844644	0.013313550573908197	0.09895450969147107	0.08837945516739222	0.16668363942687991	0.11988917788056173	0.1113841815797591	0.17780960251162756	0.16969599825705825	0.02653972502577216	0.16966219108239605	0.18381449884854	0.2610233416790552	0.017166489701945394	0.05483070745759041	0.1147187282025715	0.14528430489624786	0.14525299270803407	0.35388596688173574	0.04533558994339358	0.13371867770400814	0.25213186583105024	0.16732267292718936	0.15893597906874576	0.1406666452201461	0.009956787930062095	0.09473220294454743	0.05107653477457432	0.13184587997693697	0.3036323602021695	0.04294576141684818	0.23985588126540294	0.1503984259726192	0.13816925657934956	0.11876287859102888	0.2742660097483593	0.25991996309048143	0.15341518347362343	0.053645255113731846	0.25261475729776783	0.15265205655012595	0.16829434175256303	0.24347186579335287
TNFa+PGE2+P3C (N=10)	0.1456726983341036	0.0871811997862548	0.07057663026338132	0.1665358119579997	0.11963233369186575	0.06491598495361607	0.05499203131221432	0.1271349448689159	0.13625900195381793	0.12391515711751808	0.22197060202383437	0.022496944803600337	0.08805594869141908	0.12013089927785138	0.06520291226969256	0.10808867410234471	0.1375244632298352	0.10875353801610105	0.10275839026958893	0.0630795478973467	0.1008192317375038	0.07700762138156785	0.16006999330192043	0.15847082105285215	0.12733329751016503	0.03971667154819387	0.10697610968000676	0.06070684795200776	0.08685899725243683	0.1166048085007246	0.11008981975883228	0.05095079813029912	0.19039018646147363	0.17903908167059449	0.13878889648074239	0.09519494764590145	0.08295266829000757	0.1055416279559988	0.16841413473884537	0.1527467719974576	0.11817965246074223	0.1381851927757911	0.09156510033565338	0.036136716890924084	0.0610418241813796	0.1684909276524839	0.13091115161443168	0.16102158617024273	0.25136822927846647	0.10662001655458901	0.13319100735614947	0.11510429395355617	0.2127048372626774	0.22035480315785844	0.08549662266536803	0.14020452300117323	0.11289903077315228	0.05263011117436993	0.09964648109385525	0.10965224801660958	0.21206220262640085	0.13672811713391653	0.060368210385082256	0.1777234272972894	0.16575134865784738	0.14623558940045922	0.12902515804158632	0.17852905932199503	0.18246164304273862	0.15054973767921354	0.21524729561783282	0.1393854186117472	0.1577942885480656	0.1541279261860231	0.1480366477673797	0.1417051250906402	0.12568034526647084	0.06831579299517496	0.13371303208648472	0.10561343456879858	0.06646334200240331	0.16629687827336467	0.18474029952036128	0.1584650898555436	0.15405228134321325	0.19191387143366453	0.03531520372994841	0.03343954991954588	0.18157109254816928	0.2264003547846358	0.02746798669962666	0.007874198862008432
P3C (N=3)	0.025561536422615737	0.06602179858177114	0.08735216036406698	0.09844338416644541	0.10112557646559638	0.05726476196029767	0.09602013175129333	0.06703451490606227	0.13792117409380303	0.05243393897171394	0.07046074087140954	0.19581977070595763	0.10907645312065804	0.06980359470458572	0.13460164344698186	0.08594510005815569	0.058655335197002056	0.14003151569949382	0.0430515528935215	0.1778909372307836	0.25277817644646844	0.0395296667901052	0.18538708397039072	0.0922690239796558	0.10989963568321845	0.15717353421452382	0.300893656814644	0.17150401767741544	0.13454590565612704	0.0060563170232342915	0.07231425353984142	0.0395080815506984	0.03619438208594604	0.10472367256770491	0.19085811533815122	0.11933680852931071	0.17725744079008127	0.15501232171322396	0.12236559291685227	0.1836528296446214	0.20230550684789947	0.13537217498490897	0.06578260151305443	0.09537063537470868	0.02057584844237243	0.10375364773249454	0.18372568951572496	0.06653868182780705	0.019073172093585257	0.056473572292988175	0.12088384064312213	0.10237651669428337	0.14823963501428045	0.0883652433617502	0.1405638533724837	0.0991238110490514	0.11303586049573054	0.19115886973183308	0.05341880335086901	0.03422773263779337	0.1707546115698081	0.06464538181393267	0.16996376354277576	0.14966163716467024	0.11978189852930332	0.15747380812809145	0.13803789373599398	0.10586379029388207	0.08815039459771357	0.10643195514653095	0.11706923918498463	0.10033232577860592	0.06307856397877619	0.06292879142362612	0.04356941593240786	0.10426169994394628	0.21137963679295296	0.034670514618493894	0.14594128552677288	0.19050372989741077	0.20880958408747521	0.1779305720032676	0.24990115998542498	0.013518417475846546	0.1762952116883249	0.11446118762131514	0.23197164222766192	0.23877467536547106	0.25230406841579717	0.1129088565621632	0.061439662904285534	0.04625595824302327
IFNg+TNFa (N=3)	0.04092436093199917	0.13363922398711978	0.12952503857027958	0.09289328559756287	0.09685394114364185	0.05341485646533753	0.09234224881258934	0.11257432043837376	0.0069590357147175045	0.07799649808231253	0.27877055413335194	0.025682927207422806	0.08625424605796896	0.06125147846564934	0.10920236576243776	0.14856713473016522	0.12790543263401388	0.08410182154254145	0.16482885549231538	0.12845901105711688	0.03983542989448242	0.0882279606178119	0.1083361717788698	0.06375937094663137	0.15881511018386857	0.17582143273631176	0.11483814420074052	0.025521873964531514	0.1893453404040711	0.0981118142240138	0.17890422094444755	0.09198579376352779	0.061860131125743976	0.017415445391766243	0.0949963620894829	0.36498214252716055	0.15905519416976308	0.08478692220072166	0.06296774655089593	0.07286257984969424	0.06913849646446568	0.06771481527449427	0.07720698686906691	0.026475405368334096	0.11915037976293952	0.23891224743095493	0.16766445541734412	0.165621837266408	0.20866907526970302	0.14687414462239917	0.17186606133529628	0.002820456891232296	0.1626812319116693	0.17574848641785834	0.14456218051011127	0.11776338595336361	0.03577798645587616	0.1877426976941687	0.05346753161115565	0.017377255129389695	0.01780742188325476	0.0126866715622541	0.06691473550542912	0.14795630050317599	0.11126985065912165	0.028509505347472756	0.06468552273248168	0.07652221104826006	0.30348592367559285	0.1717514046827504	0.23566951022706295	0.06186985077377223	0.26270496308377334	0.2525472373796392	0.08864237282956172	0.1933061361970226	0.15529131682174005	0.10713774487303479	0.16131639671734932	0.036204350992472455	0.2645308940395847	0.08416247047200316	0.12652135868457154	0.03404343218003067	0.1136318266238484	0.07547488267032378	0.13863543678382623	0.17480675309910715	0.14251727577601775	0.2988793776766511	0.4031728936593568	0.45556338039558303
TNFa (N=6)	0.05987238586226171	0.0891796822522794	0.31094411566938873	0.08332997104840566	0.22817063021703746	0.09750688195447738	0.14464436357113752	0.1069679968171728	0.1246786676576185	0.10149801061034704	0.09722550708770561	0.14040762962879358	0.15986539677124095	0.15703118153310391	0.22710152859311322	0.06778006682224566	0.07249091830266657	0.14525446645865311	0.208456052961533	0.13149188324964012	0.10846397949919082	0.10403373960720393	0.05599396851566742	0.11417128817491091	0.08353418828467864	0.2631764951093725	0.16976442995530833	0.22482563966915373	0.09159388085220425	0.19655017462228716	0.16400391164525696	0.06036079108742396	0.11286770452259223	0.13588678233949264	0.112278656244333	0.14808206489471643	0.24501826383235464	0.2819278506963083	0.12123190949333991	0.13980304903032642	0.10826839161348728	0.26180042840924467	0.16315235283742255	0.0349825523507373	0.37851113235775624	0.09170815410980215	0.204991074694207	0.09322082265565539	0.17706708521340797	0.17074770866157798	0.13883936955728224	0.033242374341448	0.10327719715294502	0.14393542558848066	0.16747866264926686	0.18151903079909257	0.14772809857939606	0.21484405607515028	0.045587471774245054	0.13074477970487974	0.14305681227595898	0.1384788941339595	0.10532984385186674	0.11047191226450497	0.10579823701278697	0.09359946341551188	0.10213873965192599	0.31541474964892746	0.09390437349971037	0.06791001866244191	0.06428919698948977	0.16475833605936	0.11938514789554774	0.10830275393449049	0.2274884847287593	0.1118089894185066	0.15938252644973108	0.12976034931636474	0.03806647253194834	0.0784494809846898	0.23424512546970286	0.20289572667270975	0.05751872178547916	0.14485533972187928	0.08465125338396355	0.135496221014551	0.18548231992637754	0.2254452470962363	0.12284139899698074	0.1609809724226277	0.01364996816890096	0.010956028687356947
upLPS+IFNg (N=3)	0.1382287986358802	0.07835137794371623	0.08414240459773839	0.015450184046201777	0.0415389889031578	0.20562083172572507	0.10526942556045715	0.021286419430235015	0.08774045918298967	0.040322155704681	0.09365545671190142	0.036907385193851984	0.14318798303812555	0.08974046407894037	0.06877805911272326	0.052901247240769916	0.12139248921532445	0.08860834299020935	0.05890969690465589	0.054571656695792004	0.09585111955880994	0.10906736238461522	0.0785821196654799	0.2291854693008736	0.06987498156839148	0.01632666465430348	0.21976622074498772	0.06183831310299461	0.04040785455638939	0.11696548625765134	0.06589739870634818	0.22206870562329312	0.12791866326826645	0.15687828906627588	0.10322242291976684	0.027880710342899906	0.09271523702394766	0.11194699622595779	0.3027406804103867	0.1721499804884256	0.23603529227612238	0.18227577277408483	0.12649278377449577	0.061827752913821594	0.03795890897005299	0.2822701729969951	0.05528816244928343	0.11363275655848123	0.04269275751381854	0.17367823291229798	0.026424274728860574	0.07386995483519301	0.1599324846525945	0.10465689486158608	0.058478885029392816	0.025385802001303765	0.15787618632277664	0.014834166671659054	0.1926440370352867	0.17540286363724056	0.12004681153380901	0.08030530632650322	0.12171009447908274	0.14052065017947488	0.09981479934018193	0.025686345181232056	0.20499544588223148	0.03817635676565363	0.10610276829550472	0.21959181573409217	0.13691353694744862	0.05308573580118659	0.045603306819747585	0.05005352294332574	0.15562878740034905	0.17753369255223256	0.1426722550813523	0.23243500997442385	0.2193191064815935	0.14978116781740966	0.08952338103884662	0.3010081593232763	0.20074674267791653	0.25228800766066395	0.22826327539596897	0.1486734620734895	0.2520049744769922	0.02169505269203959	0.1391408093801173	0.31173298938132477	0.3408969533603357	0.14865914679297748
CON (N=7)	0.09310337916281072	0.06749946861543171	0.0359525071837692	0.055498759397024845	0.06127646584765388	0.14185418786947368	0.22089021340769058	0.08363491918759146	0.16755898486742904	0.07852348410379982	0.059388155047863336	0.11018135833728912	0.11563673455803566	0.0741355440648406	0.08140890705324058	0.12781600119835512	0.08379733778414016	0.08052223322559206	0.1193433961081753	0.17400794849480386	0.1650572228185421	0.13622540944787248	0.19276266945832193	0.17696404823508582	0.11341145687009732	0.19849212652122683	0.129758796971104	0.12079782817585771	0.20127063642464765	0.14503368944036146	0.12621185098724338	0.05789013196160183	0.13985890899487105	0.09208807817082067	0.12028524386576407	0.14976387296823968	0.0844441859051515	0.12052432744524894	0.10657227098045229	0.03956195135527543	0.18806462362814716	0.12256479700256073	0.14938481012608773	0.1469398483716696	0.25765416576308187	0.10122422499650159	0.130492628896985	0.12378486098413236	0.11487529193668107	0.08054420801405435	0.10902996164632982	0.2592448895003413	0.16911392814796514	0.08755288925912721	0.1359825155705709	0.20005750539400521	0.23137760796205492	0.2708599762470208	0.07989004748805556	0.16902985957524808	0.05049391897775627	0.18407001872890077	0.17112229196198753	0.05326680218158648	0.18493843837770008	0.2230263595267608	0.17880514402374809	0.15692309016077824	0.17166233394273409	0.08121675332080326	0.1907567809027007	0.22347822713239252	0.12522486659512394	0.173785478132128	0.17901950945774403	0.18549138747783278	0.2088667607452601	0.06194355492454099	0.19688023344747038	0.20165698452537328	0.18507892119962205	0.18419274428832405	0.16752229751560005	0.1719699901229692	0.23853908683255157	0.24690843652183775	0.2104466183920857	0.22463349965941912	0.08105245213959841	0.2841223989583082	0.14743565746395204	0.08497955602243483
upLPS (N=6)	0.07024757680822095	0.13780099145348526	0.030583812581972597	0.09789572419097069	0.06261560581505468	0.14205955946460924	0.19843554100882602	0.1416257854575925	0.07570711023869069	0.06346731086306158	0.059291392924565714	0.11881089761166587	0.06119815944127379	0.1281953924725116	0.19740968964330907	0.04944844050135461	0.12084001057629412	0.306105818627258	0.22827820701656357	0.19080805292046366	0.19227604026591283	0.14531441101797923	0.15065176251139928	0.13091299264685954	0.06746167104650791	0.174555556730427	0.1380010329030032	0.13432619775449678	0.15074128210815732	0.18533752481785257	0.11662103600339759	0.11408853662981548	0.10160723988118284	0.15156862815851815	0.11363650510986031	0.2775599808298569	0.21527388591507862	0.217034837683366	0.15090611641440435	0.09215290330405033	0.15630047902075478	0.1354386001544737	0.13707252978598639	0.25224147832209026	0.01275574255656321	0.20502908859975033	0.14910681518368593	0.058335744760526206	0.061558247983290695	0.11767712135118626	0.20430550986438686	0.1567859140220138	0.14376752784726826	0.14811459706367114	0.16637964080396145	0.14509020188208213	0.17786007330179177	0.07727561665158314	0.2202532783334226	0.2224322272550297	0.06143409324144396	0.3237577562629302	0.17195921389420835	0.17673236611729576	0.19609197208905335	0.24269111353198003	0.15893024701470743	0.03960485263178297	0.11141238136373974	0.11675883287465369	0.19259051296357566	0.12703671711341613	0.21008075751477828	0.12573161126412255	0.2952217044219523	0.2149852446962347	0.20156949756712586	0.1008965778384716	0.20883513887541097	0.27952871539438956	0.18033628895546155	0.13708899838485605	0.21036184026599325	0.2968893633549583	0.26040956744024385	0.18376062190109882	0.08827536475965046	0.17278699274366213	0.2411839541661286	0.2539797047290406	0.39387512317084516	0.4080977809071039
LPSc (N=8)	0.07551976441081433	0.08890885893199238	0.21811767004010338	0.07414134679144992	0.07546110935887469	0.09564067991960715	0.09958323808371211	0.07488263582547201	0.08949725266394921	0.10268763858602936	0.16728517124476722	0.16562880341712566	0.16338189884047352	0.0945913125372806	0.15910351445915655	0.11802584135662025	0.11898482529441964	0.14493874696019743	0.07375979491481705	0.10333762126955326	0.12506323145838025	0.15043386862174862	0.08089842780727168	0.1120342959418708	0.21124717586346847	0.04717591379768069	0.2290354527518079	0.2675177215063998	0.23923010600732594	0.10424696084985394	0.13050307428420813	0.10973112320564085	0.08335915252188077	0.14977541477004416	0.12590406981907246	0.06442823458493722	0.13049294883358095	0.1269290813546091	0.2673790858430994	0.18223810973121887	0.09546442935298616	0.11810099468170496	0.13604318510194247	0.16441212392250218	0.04358151536324873	0.24365521073711285	0.05770572363261492	0.19009189517111333	0.2741784184053958	0.18977888907568324	0.17296276241188013	0.1952761237933842	0.13373758367415872	0.2243167792926241	0.18230524731818998	0.07637717094817464	0.14799391067918274	0.09679901813012291	0.15605729140185168	0.16619941319053808	0.2289630190712863	0.14907170424441943	0.18007654828474282	0.21093261132947957	0.16445006717826138	0.12258686060468484	0.089161488967695	0.06537203042253766	0.2645233670039916	0.16132233775926416	0.14941417112684663	0.17584744925803056	0.16849160026501475	0.14533205001556265	0.17133332836706858	0.12464581492573383	0.15075303258230618	0.17613721401853677	0.29615868985897637	0.1568916703867734	0.21290960575601894	0.22196878890638558	0.22474897306044492	0.22514613830203803	0.20720812830351007	0.17820309925980632	0.34027398365943795	0.2416284406858885	0.2538003923846571	0.26766530347068274	0.2697731590139797	0.3307071811324508
