	CEBPB	JUN	SMAD4	STAT1	RELA	NFKB1	IRF9	ATF2	E2F2	STAT2	FOS	SP1	STAT4	TFDP1	STAT3	ETS1	FOXO3	FOXO4	E2F3	RXRA	REL	JUND	PPARA	SMAD3	RUNX1	E2F1	TP53	IRF1	RARA	FLI1	MYC	CREB1	NFKB2	FOXM1	STAT5A	TWIST1	RELB	CEBPA	ETS2	ATF4	SPI1	HIF1A	TCF7L2	POU2F1	ATF1	STAT5B	MITF	USF1	STAT6	FOXO1	EPAS1	NFE2L2	VDR	ELK1	RUNX3	SREBF1	SP3	SREBF2	ZEB1	FOSL1	NR3C1	RFX5	NFIC	PAX8	SRF	HNF1A	AR	ESR1	PPARG	TCF3	YY1	HSF1	MYB	REST
0	0.982604538610486	0.9743062184053674	0.9665013821454345	0.9850611647470972	0.9885649161700499	0.9856729009632491	0.9840932113526047	0.9631119097717133	0.9851864383751447	0.9888196270645802	0.9820609961736406	0.9771834084226679	0.9315135352977235	0.9861126268721818	0.9698888423273668	0.9648755440775542	0.991334505449779	0.9607383013812902	0.9450437817801041	0.9672844396658085	0.9748498172063712	0.9397006167861857	0.9455077538714303	0.9054463816171157	0.9438620818368242	0.9714670113749212	0.9736470709198113	0.9879228319091599	0.8840145849705705	0.9066226205777532	0.9738832878509288	0.9637111273338466	0.985094652645049	0.9770791495924462	0.9589156615405612	0.8388595556513372	0.9520338243888384	0.8846453500436533	0.920756775236952	0.9518058850477203	0.9667553869100819	0.9479070567111232	0.914042692441602	0.9210914531537793	0.9234078923300953	0.8774800356167489	0.9532357092005224	0.9103229040985397	0.8288757601148313	0.9747719197551469	0.6317762719497824	0.9278204342389891	0.7578083871844823	0.8688547488034167	0.8346328377109218	0.9519332428147147	0.8023363200795512	0.9414634278587947	0.9348971213246411	0.939362892883421	0.8848709013244338	0.9693210128783968	0.7597535840905643	0.8795978533784097	0.8031258557813209	0.6617191864591053	0.7953186230390646	0.7034200008456503	0.6347015210738396	0.9486319442005295	0.8363960338966241	0.6670999244340499	0.6135676571050424	0.5442217416279479
1	0.9795192517559765	0.9760334335682979	0.9746128034812951	0.9558260433726398	0.9843046817532166	0.9774800753569822	0.9628099639997828	0.9627929613697893	0.9680153899537194	0.9717649531881882	0.9715331311714706	0.9579503385900063	0.9178513002179045	0.9565148444744871	0.9668153654785925	0.9617163182442291	0.969634382005369	0.945055677319999	0.9074110759568372	0.9369262594028456	0.9631869865419054	0.9273153847858703	0.9462564179958869	0.9439035951059109	0.9506331917286073	0.9473828673930059	0.934455055170046	0.9670887042908537	0.9402835224954322	0.8942324719262619	0.9667371968197955	0.957559519207089	0.8658297090349949	0.9567049375389632	0.929260965510825	0.8247969132521771	0.9312224566335774	0.7996495083569436	0.9240280405609007	0.9139400165010652	0.9384203507632733	0.9684024084867648	0.9485806859496748	0.9075788268556165	0.8923511827126569	0.9001693500346954	0.9301838399500371	0.7848661866708342	0.862454239743879	0.9465464758512868	0.7123779521255743	0.9473392180552116	0.7777595433145461	0.8385380664039472	0.8146456000483102	0.9487147990094327	0.7961792527319429	0.9215564175495863	0.9203144585256651	0.9476749181078873	0.909170423422582	0.9734612832351918	0.7336776589977196	0.7504008950015069	0.8878034560155015	0.5980876080544663	0.7989985556191336	0.8044797371836334	0.6674264895356095	0.8966824932677953	0.8273859734806455	0.6640674729236979	0.6892802640373491	0.5591711905454081
2	0.985147259557528	0.9830714922454646	0.9777738371209428	0.9831827320459574	0.9914490298935932	0.9934850039136651	0.9891530189643537	0.9631421885943319	0.9897007816382042	0.9968791322490427	0.9885228583500346	0.9814406301695915	0.9603066341443981	0.982648962049715	0.9775831277482144	0.9664345140992596	0.991287856191404	0.9734019386833235	0.9649686307107355	0.9557417451940973	0.9847477277419859	0.9539370445761644	0.9590671826946938	0.9334735983966664	0.9599466001809247	0.9767594327115885	0.9676092044542246	0.9929535701250229	0.9423359336871402	0.8953060688459793	0.9861764988991816	0.9595932984446698	0.9939208193138254	0.9707619598621551	0.9697637583321119	0.8710919822668814	0.9578117576812164	0.9010696351191382	0.9423390280159514	0.9744560281028815	0.9625111671135081	0.9356781745659283	0.933198843293092	0.9352634994569045	0.9088005707747272	0.895933161682537	0.9691776439411888	0.9424570650760482	0.8056413979171502	0.9816243131729797	0.6809574074936697	0.9215163171246463	0.7828609212545877	0.9180326535542143	0.8618387074920322	0.9740629072180061	0.8094879052643046	0.9642953076172084	0.962550467310872	0.9428518152463301	0.9336937077380808	0.9697050413069501	0.7215258422821915	0.7732467580601985	0.9083839808711849	0.7010628020610848	0.708169778104003	0.8046468137909313	0.6991307118848673	0.9373877545041026	0.8625591457569322	0.7410809925799671	0.6657025196132063	0.496492673909305
3	0.984410379042135	0.9759121525036013	0.9666497809372948	0.958205728284723	0.9835115731194384	0.9798235070611258	0.9521784312925872	0.963217324580933	0.9384210586194353	0.9652519357873193	0.9621682315272458	0.963057786425186	0.9166915686899604	0.9409158503358643	0.9673532621566101	0.9549035691139205	0.9645403245840914	0.940019613808519	0.9029857664505121	0.919577082397176	0.9645151009373113	0.9239414911393327	0.9429677838602355	0.8967902132140202	0.9504405164682765	0.9395447016345803	0.9248349076528024	0.9610942578058108	0.9130095820778328	0.8939459206130256	0.9641879471472596	0.9348391261310177	0.9704405640346426	0.9515532278009835	0.932534763944699	0.8196754006542826	0.9419281011397675	0.8657838138292777	0.8868337356731975	0.9211790696453672	0.9109801402085961	0.9287571922943894	0.9092999397535022	0.9183243596792785	0.891346767311133	0.9006749176280485	0.9144816694964351	0.8878167391738225	0.8337000308983875	0.9536771370188624	0.9178501445546556	0.9285153200559733	0.7820360470881378	0.8458450411331844	0.8395769616311111	0.9566556378663259	0.7598264978593912	0.9469953783549117	0.9499364757787367	0.9415110049606827	0.8736925379500704	0.9291267226056708	0.7388294783966938	0.741280260886507	0.8449315527067232	0.6289885492028507	0.7540509492298915	0.7905140787894827	0.7021260935233677	0.8550361354359566	0.8147678084666423	0.6419602517068301	0.764764433422912	0.4753269051841721
4	0.9823909310152954	0.971225547078529	0.9757201927694015	0.9847654635068954	0.99244757148949	0.9888406464676112	0.9865487704810545	0.9651341097541333	0.9874822457884794	0.9906407954305677	0.9901972858121323	0.9742892212385273	0.9334984741775089	0.9777105633520177	0.9815791709191674	0.9602522709983226	0.9899839829465567	0.9772065150164209	0.9457331037006818	0.9663757553432493	0.9815172045987853	0.9399757638194274	0.9532741826204717	0.9350841338258203	0.9574138131526682	0.9719249598366055	0.9724819979099888	0.9920185546884448	0.9244355162351093	0.9072836400381413	0.9869073463829336	0.9443014173367308	0.9910480218432745	0.9830497612532746	0.9660434026752109	0.8247647540301964	0.9611041681728575	0.9019808294976226	0.9218248220916981	0.9726600530060928	0.9626966499037188	0.9456238390840004	0.8583848473667992	0.8992096035222689	0.9167125827317272	0.9256323040424264	0.9589471145950799	0.9503390143995187	0.8428238576774103	0.978235049100276	0.8688395822755919	0.9363652246915447	0.7591492403723722	0.8902061474817635	0.8411703843621958	0.9645014937734776	0.7859339788417427	0.9405602338127814	0.924968135338042	0.9316265334785157	0.9172818530337089	0.9545631658084264	0.7292436307709302	0.8500424445933195	0.9661240713422827	0.6684878128710201	0.803262985448202	0.8443536512871793	0.7382588489842594	0.9073150263807322	0.8105762757426732	0.6795496475543125	0.5680646410513118	0.5111717548414774
5	0.9846614424191991	0.9728795525633617	0.9757507816655517	0.9876936925455222	0.9887632964458768	0.98640933220073	0.9848114866017176	0.965255291585946	0.992291819321969	0.9909113242055365	0.9834330088837954	0.9737176746254298	0.966599000541128	0.9810967537365082	0.9772464678648517	0.9589070682739169	0.9894019994690626	0.9700939869255825	0.941592999412971	0.9654176180384304	0.9738224162897434	0.9246270516789006	0.9513926008596725	0.9191487252724085	0.9448031697731198	0.9739867666361839	0.9727459401279099	0.9915817697244608	0.9374946364010446	0.8849711288210155	0.9820448210849281	0.9480899693173355	0.9888140742491144	0.9817160942843	0.9584034541656583	0.8518037715095894	0.948983929851918	0.888651905536035	0.936278266843205	0.9623587951141594	0.9613249102936762	0.9285589021333889	0.9062428491934515	0.9107128465383071	0.9140353767851798	0.9038617034718658	0.9543653878803603	0.9250039637013853	0.7665609024704878	0.9689028740757308	0.7033925400711043	0.9324406930195188	0.7919297713326136	0.8958116258458314	0.9097215713627085	0.974326920865747	0.7661508322958639	0.9533773613608005	0.9469346415999622	0.9134577821744001	0.9291186021348486	0.9376025470248952	0.760651361420829	0.7393792622828528	0.8806203172689836	0.634179389395751	0.659319398060177	0.78893258918587	0.720545346579172	0.9256637122368987	0.6909879920723527	0.8118448426875836	0.6313920108296961	0.6602058696697763
6	0.979354222209427	0.9594478685839181	0.9719993866332177	0.9833348055054001	0.9939450700105092	0.9828555840486519	0.9818412772838638	0.9539060907810519	0.9826179173732044	0.9758226618482193	0.9695630020150545	0.9611161425256041	0.9541681825432675	0.9776880541727492	0.9712724603544736	0.9602548884513893	0.9864722116905678	0.9611538623081137	0.9386725259653013	0.9571170641069633	0.9669304794117066	0.9308411616288529	0.950341329922706	0.9329033737980353	0.9385180475487535	0.9750647772420651	0.9569965298967431	0.9768612120924879	0.9363429046249673	0.8860857978793203	0.9737792376338962	0.9359453311355822	0.979302229389184	0.964797302043846	0.9614061716236185	0.8285710132193195	0.9558553432213247	0.8941178414203651	0.90793704330137	0.9655369165799813	0.9435431244003505	0.9319981727666588	0.9205537142892495	0.9108369463599766	0.9046114122659763	0.9239275797197741	0.9549674263939228	0.9253771465330151	0.8536627495240658	0.9680207172981836	0.6433847115884492	0.914773553408322	0.7253021564498615	0.8896537437710959	0.8325204583407843	0.9477750954445294	0.8227721477417378	0.941154659047988	0.9145363239251529	0.9342163651713495	0.919062800559529	0.9772878284767523	0.7412980170191515	0.8894766030185998	0.8505640979141815	0.6027536180042112	0.8444732383946	0.8560408156065369	0.7591364223527284	0.8764446450555938	0.8448858092444023	0.8420796968448607	0.6821728336507112	0.7409801736605672
7	0.9884367997184459	0.978707918615151	0.9730374402268397	0.9834399549358371	0.9917865864363526	0.9900340208168013	0.9943056333517678	0.9465554848184909	0.9883429449850678	0.9962117422067207	0.9837165981801345	0.9810745269493095	0.9639853525960438	0.9827187227953962	0.9775800720557154	0.9677853227900577	0.9916306069389138	0.9767160695271451	0.9623389420202262	0.9619760226681606	0.9834908427466563	0.941764158871868	0.9757796913542855	0.9461159356142286	0.9706937554990991	0.9746477072850959	0.9698723619999381	0.9900457927449033	0.9514886044117943	0.9389756591875877	0.9860475370868728	0.9528865828019178	0.9904272220245294	0.9801047059439875	0.9487593355273997	0.8234557353591611	0.9546831952124772	0.9101785908665874	0.9257700130753059	0.9525549774267235	0.9654432656732583	0.9670943069171011	0.948830108522251	0.8870065279784953	0.9113695042215255	0.9062866308049704	0.9584844590794225	0.9396368749396209	0.8350581456135138	0.9819920895386333	0.6747381890018846	0.9312708943424308	0.7704874313855001	0.8871262222039198	0.9178645010467652	0.9672529588398273	0.8084410439541623	0.96676122498542	0.9297528256204065	0.9534495860168304	0.8975946743280101	0.958408080522891	0.7432471526684514	0.7955541073313115	0.8698828777059049	0.6397989490038999	0.7890523875369053	0.7870907375944067	0.6392728633677194	0.9244126922787657	0.7684277683284082	0.7716689703041169	0.8018634798364015	0.5229384092005501
8	0.9867915139669153	0.9747914303335975	0.9713416816564237	0.9849730506605003	0.9917556554423876	0.9886432068882037	0.9864539096998235	0.9538804896498088	0.9874605186010226	0.9893169622326519	0.9895807262637305	0.9774232371320668	0.9637249931811257	0.9824271689178082	0.9841111398172939	0.9721406465778757	0.9914411881590816	0.976594458456112	0.9439527664582488	0.9597088838298619	0.9838898630308147	0.9286487563833222	0.9772619283129831	0.9309556796811838	0.958644360949029	0.9745777689161368	0.9597881076032623	0.993156771178664	0.9426486026869887	0.8717411499250066	0.9783505953387589	0.9494193192477571	0.9903137232478109	0.9816509789438853	0.9533751328327469	0.8372405169600021	0.9559431838252933	0.8915905501200372	0.9307277086152794	0.9658477194677066	0.9579049408694049	0.9598297421586978	0.9180547405241397	0.8926905682935016	0.9107911316695947	0.9204193046571941	0.9454240420836122	0.9314065516736525	0.8629012576453425	0.9840528184940838	0.8545723491185528	0.9234847761268293	0.7318204176683852	0.883841026528923	0.8659183613595287	0.9619739352730841	0.786848478763581	0.9591333163694993	0.9276844010370964	0.946343021010621	0.9206689001035421	0.9320160868194093	0.7207436398773945	0.7605702619731002	0.8593729408184461	0.6366064317575663	0.791124114330152	0.8201558509863972	0.6171761556894362	0.9302934831527171	0.8754132942581907	0.7316367503833929	0.6326000457167367	0.6877215868291678
9	0.9850847203432347	0.9787444152858229	0.9758668509721853	0.9873938726646727	0.9914082728476785	0.9914097169295631	0.9862896378026604	0.9626746241631713	0.9855450111407035	0.9908515189729015	0.985882011450612	0.9750438824044474	0.9588120932222206	0.9824401643775296	0.9723843888876028	0.9694175672264174	0.9922312599865525	0.965793906468406	0.9427390670272683	0.9586793250945246	0.9792719454618458	0.9337306611845246	0.9700215750996691	0.9234473005991161	0.9657443174119993	0.9758145758642036	0.9827302832223208	0.9938341882682211	0.9384190477786952	0.8917827913166942	0.9872121439973839	0.929304549321999	0.9907223301633886	0.9811000662270281	0.9597679898134976	0.8605132004119747	0.9558856288293753	0.9036679067282409	0.9235734858400858	0.9444227754066872	0.9470429636492597	0.919588904515422	0.9331279473144526	0.9125857826411319	0.9211759289819317	0.9088340286591465	0.9319980180887422	0.9478253488540861	0.818839592379355	0.9742232993144526	0.6744635972857934	0.9346020991495406	0.7447022221300599	0.8712951111648508	0.8577773199841077	0.9676962548705681	0.7730149570395908	0.9495424837862103	0.9226028761290188	0.9649838360465282	0.8888538163091322	0.9864254416019407	0.7561060383934756	0.8709605533684228	0.888655006251837	0.6131980042773725	0.6859347406676894	0.8524936666184209	0.6570686042316702	0.9049601513681891	0.737921534673306	0.7130409253975356	0.7839889092286537	0.5488003884766611
10	0.9821617477781731	0.9673901075668128	0.9694103209565104	0.9424124705938368	0.9876085340905425	0.9845003636215142	0.9428518825176967	0.9543094163770613	0.9403561571038659	0.9486518416120723	0.9550076023126316	0.9570788375217072	0.9143265161744625	0.9412589169021837	0.9651175337364262	0.9517545203797507	0.9457397204017556	0.9281256772784743	0.8971732390084914	0.931272300567262	0.9530926054926305	0.9190839617982386	0.9583243471195315	0.9215402021532657	0.9223073352449571	0.9346287127459361	0.9025686190437682	0.9673932733138308	0.9178218390099785	0.8972664096354936	0.9585660764051376	0.9071361257105286	0.8599747954171061	0.9433812578823041	0.921459967807635	0.8106237990822858	0.9381264011906545	0.8748149779148735	0.893538337516916	0.8981159692685006	0.9251017473422596	0.9243045201897034	0.9298411550011778	0.8880813384773312	0.8504319627052876	0.8641769487540407	0.9333302752235962	0.8740312998624225	0.8491492547307324	0.9371868140336621	0.9425649352387827	0.9128565693813444	0.7717464029810377	0.8332716879290072	0.825670196912768	0.9490955909976138	0.7570904950692516	0.9336116883014158	0.9295579189316219	0.9315973353463596	0.9021005875675292	0.9619363899635447	0.7218345980126712	0.6685647133808256	0.8338933853860514	0.6973382648032824	0.7442305186862181	0.8318805439896767	0.6428147891389616	0.9107818750951131	0.8482393133855919	0.6576854464346242	0.6879771418868408	0.6930341132269027
11	0.9845520574118265	0.976005879087335	0.9803963763261488	0.9719431810304651	0.9879235680872768	0.9818470196353939	0.9790089407843019	0.9686460351102228	0.9827556348431847	0.98396784993584	0.9745459841719574	0.9753385889402624	0.9602125756595143	0.9661481777015625	0.9677683595007043	0.9588191264981094	0.9738518922680264	0.9528049940346663	0.9275984271523119	0.9417781988002241	0.9807604159570229	0.9200130330327746	0.9487012322391084	0.9390382579893823	0.9580876379066465	0.9627063538604608	0.9628450519573608	0.9910737090499311	0.9342418094243334	0.8912884977159342	0.9595868875294662	0.94215393976561	0.9851059479543156	0.9651013470916272	0.9593007467154275	0.8477442605246804	0.9533560043016545	0.8996702493351305	0.9207544670535401	0.949622828092646	0.9521207462219887	0.9342701510843048	0.8802001231528875	0.9030890259012937	0.9069230732857338	0.9104987056867205	0.9322002531323433	0.8964473775561613	0.8110096918650627	0.9610443816291389	0.7521790142600507	0.9332201035942881	0.7422861448855467	0.8509748724231332	0.8171399497614514	0.9622510568574881	0.7913981246469375	0.9417676075624299	0.9213379360088209	0.890044659694744	0.9012614444500222	0.9486258694725267	0.7310065856956782	0.721894237834794	0.9282784963627025	0.6150825127163635	0.7843812594332116	0.7938503666318657	0.5133804720786234	0.9208879480563257	0.8048212495973408	0.6957777209260888	0.6541045224642106	0.5654457062223508
12	0.9816848237221437	0.9780889735880538	0.9781105239310147	0.9833681893217605	0.9915764646508359	0.9875271979518364	0.9863430618766404	0.9718823412155103	0.9882218102475457	0.9893086518703508	0.9873835055180427	0.9727068077206806	0.9319735042115742	0.9762306956962424	0.9789659407850198	0.9634965486912708	0.9888514888006515	0.962370246122148	0.9442351408343294	0.9482232649810675	0.9769364708637398	0.9524604996635775	0.9387871432721258	0.9289826204799183	0.9426354487420363	0.9727629895940946	0.9661508978218379	0.9826387436252845	0.933768505827643	0.8801688247476112	0.9795466572143912	0.9369040718398872	0.9934732586034981	0.9772804553812882	0.9681144796780604	0.8248663386837034	0.9611012488773811	0.8880064623607924	0.9115973547486581	0.9543300753378074	0.907564031911255	0.9520569201161622	0.9477884210523532	0.917137254798445	0.9316432753642884	0.9070786200985996	0.9574456829673829	0.9106704237875811	0.8553365035381674	0.9738246429052461	0.671108227721916	0.9273301728126905	0.7571116430911577	0.8472572402104643	0.8529718802490529	0.9539577494764039	0.7996969128036535	0.917397386937586	0.9124356774880232	0.9296795586360587	0.8958888643196701	0.9552027067975092	0.7427081926076731	0.7599012041527085	0.8605015533672471	0.5585935672147474	0.8093956483165418	0.8038685026574067	0.6191132261158774	0.9198485630551775	0.7506797094487128	0.8332246387020139	0.6204652152294122	0.4858973328183157
13	0.9888502306200277	0.9705664776708113	0.9757168997257377	0.9824878755713361	0.9900575748892546	0.9883867160866657	0.9891668706156651	0.9625044179502112	0.9903298920926954	0.9955012483566706	0.9867030658260113	0.9799268873964537	0.9658808546962829	0.9782509898762232	0.9799518975724633	0.9663346309399976	0.9886564961373885	0.9732752775937302	0.9444042268821542	0.9670319201971921	0.9764865070608396	0.9345936251831	0.9729045716089723	0.9352472258107236	0.9413707092600889	0.9751344565696294	0.9591497425933531	0.9920577030966128	0.9391711397066569	0.8992017332817237	0.9861908978555441	0.9519169578064035	0.9838441787553956	0.9797778205842155	0.9525324143211333	0.8410000568526796	0.9619514515949443	0.8933328070064899	0.9175594606206844	0.9600143082234187	0.9675703310784776	0.9351051166444984	0.9264362462132512	0.9039355489023294	0.9125123554363501	0.9147713847883633	0.961132816550449	0.9305967037382273	0.8592092700813059	0.9796880619364242	0.6459516707555707	0.9406792562322339	0.7247756184371896	0.8841736463698384	0.820811607211564	0.9605364784041328	0.8129752596678972	0.9453927695975675	0.9509430700320235	0.9362443572557235	0.8880819154941207	0.9778826806966137	0.7435530598914497	0.7705353735169129	0.8568755687095045	0.6278469007299552	0.8050238942813268	0.8381262736626712	0.6678320569251925	0.9356764740440113	0.8424014082816159	0.7651845261582272	0.6479576557187954	0.6800284780737944
14	0.9709899842392724	0.9795520953595733	0.9721502070641519	0.9830097141120967	0.9932336213766193	0.9920927753357474	0.983005713331534	0.9718047449513991	0.9825053878153966	0.9871079446379554	0.9900228893921537	0.9757886256458248	0.9437527512564337	0.9743985592453425	0.9732067366552462	0.9667331563938144	0.9881940181430033	0.9695649081005788	0.937986470534776	0.9574248178254763	0.9710179930586764	0.9275918650724517	0.9741984907384987	0.9205788727518959	0.9551924791007481	0.970568600215916	0.969364883286263	0.982929971967927	0.9248462775874042	0.9246953493176567	0.9813034704132864	0.9474072168444626	0.9862596776321512	0.9771603708611944	0.9406619579776639	0.8418559664981727	0.9621230586159885	0.8746978795490845	0.913453592072911	0.9651093229666194	0.9667307465456784	0.9149136613120477	0.9209171529356059	0.9162868706038662	0.9349175903535225	0.9307972323877121	0.919643257022309	0.8899108982202131	0.8425198838722113	0.9800125502765051	0.8373437255296767	0.924317480701444	0.7223761646108063	0.8731497633949399	0.8198296791064651	0.9611382376897754	0.776040176294909	0.9462705467957458	0.9319280051358441	0.9276359275226325	0.9255638318120101	0.969706669656342	0.7354292672427314	0.91604595562765	0.8599858246128487	0.6466024027831003	0.8019578462253256	0.7806775391938383	0.7781080096837134	0.920137998951535	0.6807428860371346	0.7042334438182027	0.6265462729894122	0.564570398211214
15	0.9865094460041213	0.973978995011411	0.9829615246957562	0.982470063296333	0.9898710123240696	0.9900514490976728	0.9910259913338024	0.9730327941268213	0.988960058579924	0.9958486871313847	0.9820603365654212	0.9713230242262705	0.9380262619968754	0.9763955702593844	0.9672249352761582	0.9669195096074568	0.9927007536516088	0.9743875936928347	0.958225125161707	0.9651218244066972	0.9725259813805085	0.9345924457387378	0.9597940622813786	0.9092099299665353	0.96164302894861	0.971423145178776	0.964254353853157	0.990005744337554	0.934679365545102	0.9054166259948812	0.9872556208524189	0.9603042877278966	0.9855197180439592	0.9735656315211774	0.9704851392305109	0.825186050030895	0.9534000127790458	0.9048765333097967	0.9132137782018243	0.9639197722068943	0.9521987594627909	0.9428591086369715	0.904109240709989	0.8716879874946852	0.9291084027206638	0.9247365784311681	0.957703831273677	0.9281523053868469	0.8624131933944934	0.977744109796665	0.9468886689150823	0.9434731354684435	0.8063346987044725	0.8563656449241164	0.835859380806006	0.9512547848673337	0.8223782390231882	0.9155285358078182	0.9358996392801374	0.9262168908808912	0.8877345043122021	0.9638620479643065	0.7415266178603859	0.9298074723077442	0.8744712893754897	0.5233632115501793	0.8919516232885671	0.8488177416492566	0.7236397455728568	0.9386743943491775	0.7681966261101038	0.7074067555601689	0.6644757495799923	0.48636869598930577
16	0.9844093921169803	0.9792127087405377	0.9681462766974281	0.9714886695819378	0.9901935711047918	0.9871020118605504	0.9699879309160155	0.9722927110108609	0.9710807698124881	0.9732817390502886	0.972623676156497	0.9739908851246235	0.9544882959077773	0.9626706020898894	0.9708673686516099	0.9558495887628614	0.9675707929694182	0.9395042040326685	0.9254968686622582	0.9509353224696705	0.9762223399277454	0.9195483087345335	0.969355507162866	0.9335579654196604	0.9489275360191025	0.9560636887408942	0.943100911989728	0.9952137484321022	0.9458585055569698	0.8933832281085577	0.9776581671360647	0.9498763895485234	0.9647744958371547	0.9572807410071164	0.9496751228743525	0.8232060390855487	0.9586780666190442	0.887072941587415	0.8912128764175802	0.9436984806037192	0.9520407847482117	0.9605494902847539	0.9102532180816598	0.9142982144261277	0.9054177868741158	0.8836877424630079	0.9498351960194269	0.9269578127066166	0.8565331640040557	0.9608250055792878	0.6752708170574346	0.9099011796282439	0.7335152177928145	0.870837231700845	0.8873837843492031	0.9585289974044946	0.7388544317499619	0.9395938695627071	0.9582999033372994	0.921751140654633	0.9143738223589694	0.9797045739395434	0.7451806391688116	0.7205289410332201	0.8824930117269709	0.6230668284568563	0.7071587434091987	0.8394528458183899	0.6182393526883431	0.8749297587100822	0.7637332934495232	0.7192300783315809	0.6779355593194968	0.475281345992401
17	0.9859265418338121	0.9727214012457068	0.9691909884160987	0.9862569767349469	0.9931624612615475	0.991278465854391	0.9833656482041913	0.9503298786321083	0.9810125175397333	0.9879416832543155	0.9841908049259394	0.9725226859307131	0.9290654809312433	0.981901061634708	0.9800097924617734	0.9679976756248567	0.9898587013341946	0.9630686939323707	0.9390094449216979	0.9614941599255455	0.9739390673391058	0.9426384802391536	0.9611643719850183	0.9150156952826375	0.9616745399531879	0.9718865355996424	0.9730558052582976	0.9863100336802682	0.9154426378439684	0.8994250929399081	0.9773800436908535	0.9416981662020985	0.9928069445873966	0.9702882296590896	0.9593795555661985	0.8149485372051406	0.9591359867743465	0.8911907214720587	0.908249051083077	0.9562374707657499	0.9612766905593246	0.9694086459267384	0.8822279900478114	0.8812537602803079	0.9077930456132379	0.9010297285258333	0.953597604519825	0.9146074809402587	0.8202185261084267	0.9740860970875012	0.939296922301225	0.9257389957192979	0.7911914664426225	0.8508339863405401	0.8316819264904229	0.9588907667406692	0.7531646711483901	0.9346349479290266	0.9531388701163062	0.9156461453752385	0.8516427659765422	0.9551799550982278	0.7332722234376362	0.7483706578003726	0.9036941278138843	0.6208389174711866	0.785584696374015	0.8819339578832535	0.5535555177263414	0.8450894334148761	0.7127650930346779	0.6311722786529061	0.6546020387229745	0.5788900599490311
18	0.9818617068103449	0.9753362852728962	0.9729183865943529	0.9365188948359472	0.9745154919130525	0.9683124697121247	0.9388475879505545	0.9583959774020396	0.9391211820211601	0.9498192606693392	0.9559879863123234	0.9535001590897272	0.9341221586327731	0.9372156654384591	0.9521630652729622	0.95212093150653	0.9365942097861357	0.9141854533801224	0.8965378538925324	0.922411411524411	0.9624455867893993	0.9192475013292329	0.9654068012695418	0.9394192623035631	0.9207579816084399	0.9315124664587151	0.9221865980519006	0.9614221968662605	0.9419762904527063	0.9085475246754406	0.9477466532231575	0.9275898392193476	0.9435509384459406	0.9393230164182007	0.9208686876710321	0.8070622097854223	0.92639270639468	0.85446752585395	0.8858257771781658	0.8832885131008406	0.9413718213256765	0.9461323239926013	0.9500810957327459	0.8901654959313335	0.875044600829064	0.8858653228011137	0.9365693093506596	0.875753891473093	0.8349793521892986	0.9224627118241675	0.6266811102950308	0.9136126843191542	0.7368234618286622	0.8611589009389882	0.8731827944173884	0.9376408005716919	0.7767885278222599	0.9151358231147912	0.9347223641947782	0.9456147663612977	0.8902073631350613	0.9720779106677779	0.7199676857002513	0.7214832224737064	0.9180025858356335	0.624538857166731	0.7806031944925734	0.8468438999076764	0.6214213069614771	0.8843696799430814	0.8307821833162199	0.6923511066275272	0.6181776017242904	0.422317346671072
19	0.984019225897327	0.9683451883309361	0.9759428370032996	0.9853151862635713	0.9874175407285837	0.9871186289559246	0.983957574648472	0.9622332122503201	0.9826313184158705	0.9904742109942747	0.9812611023098707	0.9745635984539366	0.9528329161024528	0.9779495553319503	0.9675703424574451	0.968031696253044	0.9881201054837727	0.9741836996743463	0.9432745406680378	0.9588374297610395	0.9655843787419089	0.9255838560888707	0.9395933996850434	0.932764361150807	0.9445902000782318	0.9725693692238455	0.9748552411095887	0.993247793852919	0.9317928004324503	0.8387525183730572	0.9656326246900415	0.9448504883098303	0.9866977765226732	0.9692104127510739	0.9587772102196488	0.8274148931698904	0.9522553236409126	0.8799653889791805	0.9140240548479053	0.9697400370538888	0.9446719946330191	0.9571549272423654	0.9193025446912435	0.880821046354073	0.8828927514764947	0.9275665693481077	0.9447996127842531	0.9371711528885484	0.8066158546551998	0.9723339990522255	0.6641226798109308	0.9153907441250451	0.7742378825456921	0.850025303107605	0.8096302528354764	0.9608034276676075	0.8121697954686553	0.9462949653017347	0.926192950328069	0.8874412182981462	0.9036571437604928	0.9837572316392453	0.732995682418258	0.8641808007795877	0.8612018351981094	0.5643654273750951	0.7384826442406767	0.8111925597644389	0.6100422446678271	0.9115358668337037	0.906688531355737	0.7622682661634086	0.7184304708833318	0.5042090160624007
20	0.9753134345876633	0.9797892463268326	0.9718936824244544	0.9821092237175576	0.9915925698537768	0.9913150705180982	0.9895664801077284	0.9587390254083552	0.9903319288556346	0.9969409878534965	0.9840236119860013	0.9787938604736847	0.938578956947655	0.9813975116740741	0.9791212228521465	0.9677644767421218	0.9885219356108413	0.976863711857675	0.963026859217073	0.9568990050898887	0.9770177123178247	0.9361399513645695	0.9798817556603573	0.9239650671851887	0.9538337339507066	0.973053554809513	0.9747175418397689	0.9894959535064899	0.9586450438845386	0.8825453506089789	0.9810268738178806	0.9564186433407077	0.9924356915976879	0.9792314461156024	0.9571041284009383	0.8473948838723777	0.9592295262892054	0.9064222091649683	0.9183023868073455	0.9771472744724977	0.9595299639585778	0.9754644300859004	0.9445490020780074	0.9045654099113858	0.9263792527775319	0.9141225965894577	0.9655944268818859	0.9341835868166639	0.8403842739932801	0.9781779624660984	0.6291814901288897	0.9631839124431979	0.7526361811284781	0.867923128450236	0.8847153806271445	0.9707114776516421	0.8141791347557648	0.9649396452669925	0.8830726816552306	0.9577286664459919	0.9123145373496623	0.9646360788342806	0.7660425720657276	0.7610820809167407	0.8707582012927962	0.6776285042259804	0.825752755790722	0.8434247711126127	0.7040225784415584	0.9107717568981799	0.8791269036605447	0.6939821581338121	0.8340102808224674	0.4667161436612756
21	0.9817210048643481	0.9634589417291032	0.9775965866704212	0.9820023588979283	0.9914877798198	0.9918705728107945	0.9881526744107808	0.957143374837139	0.9899990063412007	0.9951999402050377	0.9845165830303741	0.9753428455312474	0.9209315537008831	0.9821398877004722	0.9801936787011056	0.9706568427394812	0.9897423710657671	0.9730140399895112	0.959681320564399	0.9605364380843809	0.9813764538264887	0.9463123942063894	0.9472563397382328	0.9472111267037406	0.9679804509515445	0.9770013850429323	0.9699113281768714	0.9922386063123718	0.9092708908508556	0.912024604378791	0.9872848683921805	0.9487453153596983	0.9889577491746332	0.9721849054377475	0.9588801866292078	0.8294196746844644	0.9572125267103138	0.8750276289751957	0.9380712721730102	0.9583805030088939	0.9289335368360274	0.9781124952788567	0.9258942565634235	0.9121673828441414	0.9337387465228673	0.922644448549262	0.9580259642282634	0.9080024595474843	0.870078602975288	0.9756131469128411	0.6655107334318273	0.9430506224932581	0.7018348914633614	0.8588897072926769	0.8522529673623911	0.9617725478901529	0.7641818969153562	0.9573097903921277	0.9199474582295484	0.9599672750003899	0.9066704387749451	0.964986426062602	0.7235801683245411	0.9275924795431589	0.883474411327618	0.5818636357770526	0.8520161380654832	0.827845993164195	0.6814059148223641	0.8689846211578536	0.8760026135199532	0.8053470814523038	0.7324574212873904	0.7008542649197591
22	0.9820544141850092	0.9833780164808905	0.9745863128517835	0.9819212625657183	0.9929961431506685	0.9937293172731859	0.990813587235067	0.9486471120971843	0.9846290483577713	0.9956922139054452	0.9900586428053418	0.979110506405984	0.9296503629490022	0.9761264902874311	0.9806847902837008	0.9685074608887152	0.9881057444142776	0.9782500614801344	0.9529712436518402	0.9541747581068335	0.9802143972210373	0.9389526437243375	0.9466913984646059	0.9395524951001558	0.955649800489663	0.9756883694099238	0.9592880168148976	0.9956084192161774	0.9224389471843635	0.8971519539182871	0.9720158181742116	0.9357769599123793	0.991022191253339	0.9875092309593051	0.9522898453169104	0.8313351394031497	0.9634126588563492	0.896301069799271	0.9175649964085066	0.9703298994480116	0.9617301041914008	0.9470510580380397	0.940922652634234	0.8993774011266944	0.9167347655735518	0.8968186802092334	0.9363865591311102	0.9591697539050249	0.8412343449832144	0.9778347741206856	0.878458268042696	0.9283197599699138	0.8107607109683961	0.8493573490420351	0.7884091104844546	0.9619354060519046	0.7864229196685458	0.9541732479352927	0.9177753087927865	0.9197467829139173	0.939518992980901	0.9538967487134187	0.7441542648712575	0.8448041250743744	0.8332754309268292	0.6431319574219747	0.8167442498687432	0.8383223004489782	0.5856966920096478	0.9419535871580704	0.8363540347798419	0.6205751549538248	0.6172310635545448	0.5598437855482766
23	0.9781717856693339	0.9809501008096972	0.9684550785188283	0.9835541658823718	0.9948812770523072	0.9959464703942523	0.989580827563658	0.964892042250504	0.9886485176608507	0.9959130447282325	0.9852086158249106	0.9771078710216783	0.9446959637424792	0.9802846929469673	0.9807768293130485	0.9642938851224513	0.9938392043398089	0.9756981525291131	0.9457920433552998	0.9656646026649673	0.9860010716474392	0.9475632764804761	0.9626890590235208	0.9066578944066217	0.9529302045077876	0.9732229839074517	0.9768538444671482	0.9835198417087585	0.9234438051344922	0.8979332381577589	0.9820933835953543	0.9432157845441573	0.9886842837654897	0.9757118294434466	0.9574228663813116	0.8325590479108417	0.956070224959433	0.8769239661180042	0.9235606581968621	0.9613772072908761	0.9440225609688822	0.9575794009803411	0.9037031775158207	0.9372668741541219	0.8872943401236586	0.9199173528608822	0.9449863587948749	0.9258266650410513	0.8550927203312667	0.9821699948360285	0.6694148839129792	0.9425303552992134	0.7572497544676144	0.8585563272200514	0.8217915812413938	0.9691331888640454	0.7849160089657625	0.9553760759712728	0.9584451302886876	0.9452323116389081	0.902106694379159	0.9867518526979271	0.7558657528338583	0.8522881414663541	0.8922436085903165	0.6374753204910852	0.8288231809557725	0.8204446149185838	0.7106111819518002	0.9327775637742417	0.8728356801708766	0.5921314348756257	0.660221373811016	0.7022806911681148
24	0.9855554844043163	0.9824333548777884	0.9767027690869834	0.9785774171513651	0.9905984809915315	0.99057564235509	0.9851730577276117	0.9584181691045244	0.9858119740736477	0.9952615010325483	0.9840375377840488	0.9788387515383188	0.9626657018676636	0.9765228315430008	0.977255185611985	0.967402348862096	0.9890993990661012	0.9697589560141218	0.944756654343179	0.9656273404180737	0.9779331678966756	0.9334448349385758	0.9659651908909604	0.9389080549213983	0.9678976476738949	0.9686962785650292	0.955119941729249	0.9899998482396859	0.95279916479911	0.9012974265088496	0.9812227850994466	0.9391762956280606	0.9849407570860802	0.9679040144619857	0.9459297471077757	0.8504436843625771	0.9570594789585467	0.8191277714208721	0.9165465996913742	0.9429887005175966	0.9768161010796376	0.960865430109922	0.8941126704609551	0.9041253632650077	0.9080186142216127	0.8927774081608759	0.9375431232563451	0.8053075275819419	0.8411094204738107	0.9849963802287517	0.8599499881150452	0.9521092286606514	0.7528781318508366	0.8664884682220325	0.8723624228604829	0.9555268045198965	0.7841741991735436	0.8831155364372003	0.9405010272644272	0.9360870817505551	0.9218145209485245	0.9503317417228114	0.7636329142732388	0.8300478380447127	0.9337995885544548	0.6242675490013602	0.7792469656522503	0.7856524626693475	0.632393353727482	0.8540364591373313	0.8408047749755622	0.7204467901150096	0.662160435840949	0.5400537726134094
25	0.9792710081405953	0.978069186525834	0.9694872397135064	0.959096892226829	0.9905056882823455	0.9835622245360114	0.9671946315229818	0.9713238439163805	0.9669397436304412	0.9790899402390099	0.9619892753676327	0.9598677135278291	0.91640664883634	0.9578728519742931	0.9696955891028801	0.9585350374047503	0.9701760833218562	0.9540868668342974	0.9077267381246601	0.9446099192684823	0.9483058888218049	0.9257904778258691	0.9334215876860121	0.9384305413239946	0.950965684833658	0.953265460422164	0.9488812052363831	0.9807500104887212	0.9550503984029637	0.894746976562995	0.9636061995854984	0.9276589497369545	0.9719679752866976	0.9679822839822401	0.9463002948078549	0.8235158533583625	0.9431743574984559	0.8785258296202095	0.8935648951559921	0.9076784552268667	0.9552306483880438	0.9414758413068167	0.9085413410023776	0.9231012809032296	0.8986711849601693	0.8944017907531121	0.9513106871587895	0.8933909645938469	0.8423752270813123	0.951562851049263	0.6777234701707745	0.9271514335982882	0.7559179404151557	0.8515185529361814	0.8854831977747227	0.9493529047503064	0.803302823431887	0.9120482987052465	0.9101304393996588	0.9265818696776091	0.8934072741943324	0.9635423168214674	0.7433212392484889	0.7183985285939674	0.8847657051770335	0.5892616168084033	0.9004579445179441	0.8507178494396546	0.7676375082316556	0.9552280397408159	0.8372309377723878	0.779546051069101	0.646716432589163	0.5718602019184165
26	0.9783821096354558	0.9703599769025157	0.9723701740383197	0.9430336504476653	0.9867492331289088	0.98523944690872	0.9385505250957773	0.9536333382767528	0.9423463920407994	0.950477838646774	0.9521651201501613	0.962911002870493	0.9167999457558154	0.9448940101827068	0.9613951779927117	0.9399413474064824	0.9460912339709298	0.9355261994790091	0.8892265042541159	0.9275552383054521	0.9684306700269049	0.8934709573008663	0.9518218319049344	0.9257298924140906	0.9317811371440482	0.9343123631467879	0.9016594963598433	0.9712557467924268	0.942558208218439	0.8839009794182889	0.94800803419898	0.9456543694891872	0.954059877233594	0.941234516621561	0.9046096179448742	0.8016014398108854	0.9376296588777066	0.8588544658879755	0.8596435374778395	0.8888745471953274	0.9570607253479182	0.8859507779684946	0.8931171689714501	0.9004262544185052	0.8747041232685818	0.8623377695521326	0.939378249153293	0.8863458567799878	0.822323387106806	0.9307510765419047	0.6383739621671892	0.9213064135288105	0.7459276632616689	0.8226777749109986	0.8667526484766919	0.9307503370105372	0.7303673316301194	0.9184208884355796	0.9256770180786327	0.9127185827271909	0.9097612780307944	0.9626604222387214	0.6958063029501758	0.7588955496817316	0.7633161960607444	0.5832153382029268	0.7333109276046477	0.7942739136434586	0.6581726807080774	0.8846208985896836	0.7553807076060033	0.7670988700499626	0.6978397457197483	0.6196580918569661
27	0.9758610199222759	0.9785277707930964	0.9675297569088318	0.9427438227939691	0.9688618825783927	0.9612749814858159	0.940865049551172	0.9514169679985218	0.9468241843670768	0.9550587594529061	0.9546591325557849	0.9442046123377995	0.9318881054591979	0.9459307676718538	0.9568908609697917	0.9222436436452641	0.9603809933645153	0.9494638756645124	0.918147957580634	0.9258163235693352	0.9458462962256273	0.9162199650979257	0.9380342453235233	0.9286054995797419	0.9326945941137438	0.9338639142099145	0.9216136617892979	0.9443741152505138	0.9387442301256458	0.8876641459586014	0.930492757755239	0.9417742702207577	0.932660000305584	0.9228155725186977	0.9123974198162577	0.793132802837913	0.91037059394332	0.8505218771985306	0.8863493627525454	0.8831590175944444	0.9475783248874603	0.9137419049130469	0.9233885250529005	0.8786154237454363	0.8603940773138454	0.899002193409441	0.9072191601627722	0.908403346224778	0.8212261810230398	0.9367222899859968	0.6668881223545595	0.9235917565666525	0.8003350233047521	0.8285845883387779	0.8756149620677331	0.9424096386581512	0.8074457255644979	0.9425125581330804	0.9368110854487015	0.9151871111686269	0.8752679013305246	0.9582962853702228	0.7043157819481451	0.7736947552819474	0.8631807099326065	0.6658409743872133	0.788559914804968	0.7492450405151403	0.6313831253703119	0.9035270944532677	0.8425690505950347	0.8288261921629675	0.7503111966177134	0.5985234949957651
